{
  "id": "canvas-1",
  "name": "My Canvas",
  "createdAt": "2025-06-27T15:09:35.000Z",
  "updatedAt": "2025-06-27T15:09:35.000Z",
  "items": [
    {
      "id": "text-1704447000000",
      "type": "text",
      "x": 70.0625,
      "y": 69,
      "width": 200,
      "height": 40,
      "properties": {
        "text": "tonnv",
        "fontSize": 18,
        "fontFamily": "Arial",
        "color": "#333333"
      }
    },
    {
      "id": "button-1704447100000",
      "type": "button",
      "x": 100,
      "y": 120,
      "width": 150,
      "height": 45,
      "properties": {
        "text": "click",
        "fontSize": 14,
        "fontFamily": "Arial",
        "color": "#ffffff",
        "backgroundColor": "#007bff",
        "borderRadius": 6,
        "padding": 10
      }
    },
    {
      "id": "input-1704447200000",
      "type": "input",
      "x": 276.84375,
      "y": 70,
      "width": 250,
      "height": 40,
      "properties": {
        "placeholder": "Enter your name...",
        "fontSize": 14,
        "fontFamily": "Arial",
        "color": "#000000",
        "backgroundColor": "#ffffff",
        "borderRadius": 4,
        "padding": 8
      }
    },
    {
      "id": "table-1704447300000",
      "type": "table",
      "x": 100,
      "y": 200,
      "width": 400,
      "height": 200,
      "properties": {
        "rows": 4,
        "columns": 3,
        "fontSize": 12,
        "fontFamily": "Arial",
        "color": "#000000",
        "backgroundColor": "#ffffff",
        "cellData": {
          "0-0": "2222",
          "0-1": "2222",
          "0-2": "City",
          "1-0": "John Doe",
          "1-1": "25",
          "1-2": "New York",
          "2-0": "Jane Smith",
          "2-1": "30",
          "2-2": "Los Angeles",
          "3-0": "Bob Johnson",
          "3-1": "35",
          "3-2": "Chicago"
        }
      }
    },
    {
      "id": "select-1704447400000",
      "type": "select",
      "x": 300,
      "y": 120,
      "width": 180,
      "height": 40,
      "properties": {
        "options": ["Option 1", "Option 2", "Option 3", "Option 4"],
        "fontSize": 14,
        "fontFamily": "Arial",
        "color": "#000000",
        "backgroundColor": "#ffffff"
      }
    },
    {
      "id": "title-banner-1",
      "type": "label",
      "x": 20,
      "y": 20,
      "width": 180,
      "height": 30,
      "properties": {
        "text": "現場一覧",
        "fontSize": 16,
        "fontFamily": "Arial",
        "color": "#ffffff",
        "backgroundColor": "#005552",
        "textAlign": "center",
        "fontWeight": "bold"
      }
    },
    // Form Section 1 (Left)
    {
      "id": "label-torihikisaki-1",
      "type": "label",
      "x": 20,
      "y": 60,
      "width": 100,
      "height": 24,
      "properties": {
        "text": "取引先",
        "backgroundColor": "#1d4d35",
        "color": "#ffffff",
        "fontSize": 12,
        "textAlign": "center",
        "padding": 4
      }
    },
    {
      "id": "input-torihikisaki-cd-1",
      "type": "input",
      "x": 125,
      "y": 60,
      "width": 70,
      "height": 24,
      "properties": { "text": "000001", "fontSize": 12, "backgroundColor": "#ffffff", "borderColor": "#c5c5c5" }
    },
    {
      "id": "input-torihikisaki-name-1",
      "type": "input",
      "x": 200,
      "y": 60,
      "width": 180,
      "height": 24,
      "properties": { "text": "ホームズ産業", "fontSize": 12, "backgroundColor": "#ffffff", "borderColor": "#c5c5c5" }
    },
    {
      "id": "label-gyosha-1",
      "type": "label",
      "x": 20,
      "y": 88,
      "width": 100,
      "height": 24,
      "properties": {
        "text": "業者",
        "backgroundColor": "#1d4d35",
        "color": "#ffffff",
        "fontSize": 12,
        "textAlign": "center",
        "padding": 4
      }
    },
    {
      "id": "input-gyosha-cd-1",
      "type": "input",
      "x": 125,
      "y": 88,
      "width": 70,
      "height": 24,
      "properties": { "text": "000001", "fontSize": 12, "backgroundColor": "#ffffff", "borderColor": "#c5c5c5" }
    },
    {
      "id": "input-gyosha-name-1",
      "type": "input",
      "x": 200,
      "y": 88,
      "width": 180,
      "height": 24,
      "properties": { "text": "ホームズ産業", "fontSize": 12, "backgroundColor": "#ffffff", "borderColor": "#c5c5c5" }
    },
    {
      "id": "label-genba-1",
      "type": "label",
      "x": 20,
      "y": 116,
      "width": 100,
      "height": 24,
      "properties": {
        "text": "現場",
        "backgroundColor": "#1d4d35",
        "color": "#ffffff",
        "fontSize": 12,
        "textAlign": "center",
        "padding": 4
      }
    },
    {
      "id": "input-genba-1",
      "type": "input",
      "x": 125,
      "y": 116,
      "width": 255,
      "height": 24,
      "properties": { "text": "", "fontSize": 12, "backgroundColor": "#ffffff", "borderColor": "#c5c5c5" }
    },
    {
      "id": "label-furigana-1",
      "type": "label",
      "x": 20,
      "y": 144,
      "width": 100,
      "height": 24,
      "properties": {
        "text": "フリガナ",
        "backgroundColor": "#1d4d35",
        "color": "#ffffff",
        "fontSize": 12,
        "textAlign": "center",
        "padding": 4
      }
    },
    {
      "id": "input-furigana-1",
      "type": "input",
      "x": 125,
      "y": 144,
      "width": 255,
      "height": 24,
      "properties": { "text": "", "fontSize": 12, "backgroundColor": "#ffffff", "borderColor": "#c5c5c5" }
    },
    {
      "id": "label-genbamei1-1",
      "type": "label",
      "x": 20,
      "y": 172,
      "width": 100,
      "height": 24,
      "properties": {
        "text": "現場名１",
        "backgroundColor": "#1d4d35",
        "color": "#ffffff",
        "fontSize": 12,
        "textAlign": "center",
        "padding": 4
      }
    },
    {
      "id": "input-genbamei1-1",
      "type": "input",
      "x": 125,
      "y": 172,
      "width": 255,
      "height": 24,
      "properties": { "text": "", "fontSize": 12, "backgroundColor": "#ffffff", "borderColor": "#c5c5c5" }
    },
    {
      "id": "label-genbamei2-1",
      "type": "label",
      "x": 20,
      "y": 200,
      "width": 100,
      "height": 24,
      "properties": {
        "text": "現場名２",
        "backgroundColor": "#1d4d35",
        "color": "#ffffff",
        "fontSize": 12,
        "textAlign": "center",
        "padding": 4
      }
    },
    {
      "id": "input-genbamei2-1",
      "type": "input",
      "x": 125,
      "y": 200,
      "width": 255,
      "height": 24,
      "properties": { "text": "", "fontSize": 12, "backgroundColor": "#ffffff", "borderColor": "#c5c5c5" }
    },
    // Search icons next to inputs (decorative, or could be buttons)
    {
      "id": "search-icon-1",
      "type": "searchbutton",
      "x": 385,
      "y": 116,
      "width": 24,
      "height": 24,
      "properties": { "text": "", "iconOnly": true, "backgroundColor": "#e0e0e0" }
    },
    {
      "id": "search-icon-2",
      "type": "searchbutton",
      "x": 385,
      "y": 144,
      "width": 24,
      "height": 24,
      "properties": { "text": "", "iconOnly": true, "backgroundColor": "#e0e0e0" }
    },
    {
      "id": "search-icon-3",
      "type": "searchbutton",
      "x": 385,
      "y": 172,
      "width": 24,
      "height": 24,
      "properties": { "text": "", "iconOnly": true, "backgroundColor": "#e0e0e0" }
    },

    // Form Section 2 (Right)
    {
      "id": "label-torihikisaki-ryaku-1",
      "type": "label",
      "x": 420,
      "y": 60,
      "width": 100,
      "height": 24,
      "properties": {
        "text": "取引先略称",
        "backgroundColor": "#1d4d35",
        "color": "#ffffff",
        "fontSize": 12,
        "textAlign": "center",
        "padding": 4
      }
    },
    {
      "id": "input-torihikisaki-ryaku-1",
      "type": "input",
      "x": 525,
      "y": 60,
      "width": 200,
      "height": 24,
      "properties": { "text": "", "fontSize": 12, "backgroundColor": "#ffffff", "borderColor": "#c5c5c5" }
    },
    {
      "id": "label-gyosha-ryaku-1",
      "type": "label",
      "x": 420,
      "y": 88,
      "width": 100,
      "height": 24,
      "properties": {
        "text": "業者略称",
        "backgroundColor": "#1d4d35",
        "color": "#ffffff",
        "fontSize": 12,
        "textAlign": "center",
        "padding": 4
      }
    },
    {
      "id": "input-gyosha-ryaku-1",
      "type": "input",
      "x": 525,
      "y": 88,
      "width": 200,
      "height": 24,
      "properties": { "text": "", "fontSize": 12, "backgroundColor": "#ffffff", "borderColor": "#c5c5c5" }
    },
    {
      "id": "label-genba-ryaku-1",
      "type": "label",
      "x": 420,
      "y": 116,
      "width": 100,
      "height": 24,
      "properties": {
        "text": "現場略称",
        "backgroundColor": "#1d4d35",
        "color": "#ffffff",
        "fontSize": 12,
        "textAlign": "center",
        "padding": 4
      }
    },
    {
      "id": "input-genba-ryaku-1",
      "type": "input",
      "x": 525,
      "y": 116,
      "width": 200,
      "height": 24,
      "properties": { "text": "", "fontSize": 12, "backgroundColor": "#ffffff", "borderColor": "#c5c5c5" }
    },
    {
      "id": "label-todofuken-1",
      "type": "label",
      "x": 420,
      "y": 144,
      "width": 100,
      "height": 24,
      "properties": {
        "text": "都道府県",
        "backgroundColor": "#1d4d35",
        "color": "#ffffff",
        "fontSize": 12,
        "textAlign": "center",
        "padding": 4
      }
    },
    {
      "id": "input-todofuken-cd-1",
      "type": "input",
      "x": 525,
      "y": 144,
      "width": 40,
      "height": 24,
      "properties": { "text": "", "fontSize": 12, "backgroundColor": "#ffffff", "borderColor": "#c5c5c5" }
    },
    {
      "id": "input-todofuken-name-1",
      "type": "input",
      "x": 570,
      "y": 144,
      "width": 155,
      "height": 24,
      "properties": { "text": "", "fontSize": 12, "backgroundColor": "#ffffff", "borderColor": "#c5c5c5" }
    },
    {
      "id": "label-jusho-1",
      "type": "label",
      "x": 420,
      "y": 172,
      "width": 100,
      "height": 24,
      "properties": {
        "text": "住所",
        "backgroundColor": "#1d4d35",
        "color": "#ffffff",
        "fontSize": 12,
        "textAlign": "center",
        "padding": 4
      }
    },
    {
      "id": "input-jusho-1",
      "type": "input",
      "x": 525,
      "y": 172,
      "width": 200,
      "height": 24,
      "properties": { "text": "", "fontSize": 12, "backgroundColor": "#ffffff", "borderColor": "#c5c5c5" }
    },
    {
      "id": "label-tekiyoukikan-1",
      "type": "label",
      "x": 420,
      "y": 200,
      "width": 100,
      "height": 24,
      "properties": {
        "text": "適用期間",
        "backgroundColor": "#1d4d35",
        "color": "#ffffff",
        "fontSize": 12,
        "textAlign": "center",
        "padding": 4
      }
    },
    {
      "id": "input-tekiyoukikan-start-1",
      "type": "input",
      "x": 525,
      "y": 200,
      "width": 85,
      "height": 24,
      "properties": { "text": "", "fontSize": 12, "backgroundColor": "#ffffff", "borderColor": "#c5c5c5" }
    },
    {
      "id": "label-tilde-1",
      "type": "text",
      "x": 615,
      "y": 200,
      "width": 20,
      "height": 24,
      "properties": { "text": "~", "fontSize": 12, "textAlign": "center" }
    },
    {
      "id": "input-tekiyoukikan-end-1",
      "type": "input",
      "x": 640,
      "y": 200,
      "width": 85,
      "height": 24,
      "properties": { "text": "", "fontSize": 12, "backgroundColor": "#ffffff", "borderColor": "#c5c5c5" }
    },
    {
      "id": "label-hyoujijoken-1",
      "type": "label",
      "x": 420,
      "y": 228,
      "width": 100,
      "height": 24,
      "properties": {
        "text": "表示条件",
        "backgroundColor": "#1d4d35",
        "color": "#ffffff",
        "fontSize": 12,
        "textAlign": "center",
        "padding": 4
      }
    },
    {
      "id": "checkbox-tekichu-1",
      "type": "checkbox",
      "x": 525,
      "y": 228,
      "width": 80,
      "height": 24,
      "properties": { "label": "適用中", "checked": true, "fontSize": 12 }
    },
    {
      "id": "checkbox-sakujo-1",
      "type": "checkbox",
      "x": 610,
      "y": 228,
      "width": 70,
      "height": 24,
      "properties": { "label": "削除", "checked": false, "fontSize": 12 }
    },
    {
      "id": "checkbox-kikanngai-1",
      "type": "checkbox",
      "x": 685,
      "y": 228,
      "width": 100,
      "height": 24,
      "properties": { "label": "適用期間外", "checked": false, "fontSize": 12 }
    },

    // Alert/Data Count Section
    {
      "id": "label-alert-count-1",
      "type": "label",
      "x": 800,
      "y": 30,
      "width": 100,
      "height": 24,
      "properties": {
        "text": "アラート件数",
        "backgroundColor": "#1d4d35",
        "color": "#ffffff",
        "fontSize": 12,
        "textAlign": "center",
        "padding": 4
      }
    },
    {
      "id": "input-alert-count-1",
      "type": "input",
      "x": 905,
      "y": 30,
      "width": 60,
      "height": 24,
      "properties": {
        "text": "800",
        "fontSize": 12,
        "backgroundColor": "#e0e0e0",
        "borderColor": "#c5c5c5",
        "textAlign": "right",
        "readOnly": true
      }
    },
    {
      "id": "label-data-count-1",
      "type": "label",
      "x": 800,
      "y": 58,
      "width": 100,
      "height": 24,
      "properties": {
        "text": "読込データ件数",
        "backgroundColor": "#1d4d35",
        "color": "#ffffff",
        "fontSize": 12,
        "textAlign": "center",
        "padding": 4
      }
    },
    {
      "id": "input-data-count-1",
      "type": "input",
      "x": 905,
      "y": 58,
      "width": 60,
      "height": 24,
      "properties": {
        "text": "8",
        "fontSize": 12,
        "backgroundColor": "#e0e0e0",
        "borderColor": "#c5c5c5",
        "textAlign": "right",
        "readOnly": true
      }
    },

    // Filter and Sort Section
    {
      "id": "label-filter-1",
      "type": "label",
      "x": 20,
      "y": 250,
      "width": 100,
      "height": 24,
      "properties": {
        "text": "フィルタ",
        "backgroundColor": "#1d4d35",
        "color": "#ffffff",
        "fontSize": 12,
        "textAlign": "center",
        "padding": 4
      }
    },
    {
      "id": "label-sort-1",
      "type": "label",
      "x": 20,
      "y": 278,
      "width": 100,
      "height": 24,
      "properties": {
        "text": "並び順",
        "backgroundColor": "#1d4d35",
        "color": "#ffffff",
        "fontSize": 12,
        "textAlign": "center",
        "padding": 4
      }
    },

    // Main Table
    {
      "id": "main-table-1",
      "type": "table",
      "x": 20,
      "y": 310,
      "width": 1050,
      "height": 200,
      "properties": {
        "rows": 8,
        "columns": 8,
        "fontSize": 11,
        "fontFamily": "Arial",
        "color": "#1e1e1e",
        "backgroundColor": "#ffffff",
        "headerBackgroundColor": "#f0f4f9",
        "headerColor": "#1d4d35",
        "headerFontWeight": "bold",
        "cellData": {
          // Header Row
          "0-0": "地図",
          "0-1": "請求フラグ",
          "0-2": "取引先CD",
          "0-3": "取引先名１",
          "0-4": "業者CD",
          "0-5": "業者名１",
          "0-6": "現場CD",
          "0-7": "現場名１",
          "0-8": "発行先コード",
          "0-9": "現場住所１",
          // Data Rows (Sample)
          "1-0": "",
          "1-1": "",
          "1-2": "000001",
          "1-3": "ホームズ産業株式会社",
          "1-4": "000001",
          "1-5": "ホームズ産業株式会社",
          "1-6": "000000",
          "1-7": "ホームズ産業株式会社",
          "1-8": "000001",
          "1-9": "つくば市東新井13-3",
          "2-0": "",
          "2-1": "✓",
          "2-2": "000001",
          "2-3": "ホームズ産業株式会社",
          "2-4": "000001",
          "2-5": "ホームズ産業株式会社",
          "2-6": "000002",
          "2-7": "ホームズ産業株式会社",
          "2-8": "000001",
          "2-9": "水戸市中央1-4-1",
          "3-0": "",
          "3-1": "",
          "3-2": "000001",
          "3-3": "ホームズ産業株式会社",
          "3-4": "000001",
          "3-5": "ホームズ産業株式会社",
          "3-6": "000005",
          "3-7": "ホームズ産業株式会社",
          "3-8": "000001",
          "3-9": "福岡市博多区下川端",
          "4-0": "",
          "4-1": "✓",
          "4-2": "000001",
          "4-3": "ホームズ産業株式会社",
          "4-4": "000001",
          "4-5": "ホームズ産業株式会社",
          "4-6": "000006",
          "4-7": "ホームズ産業株式会社",
          "4-8": "000001",
          "4-9": "小山市大字下国府塚"
        },
        "columnTypes": { "0": "checkbox", "1": "checkbox" }, // For the first two columns
        "columnWidths": { "0": 40, "1": 60, "2": 70, "3": 150, "4": 70, "5": 150, "6": 70, "7": 150, "8": 80, "9": 200 }
      }
    },
    // Tab Bar
    {
      "id": "tabbar-1",
      "type": "tabbar",
      "x": 20,
      "y": 520,
      "width": 1050,
      "height": 40,
      "properties": {
        "tabs": ["現場基本情報", "定期回収情報", "業者ごと現場", "MAP", "パターン5"],
        "activeTab": 0,
        "fontSize": 12,
        "backgroundColor": "#e0e0e0",
        "activeColor": "#1d4d35",
        "inactiveColor": "#545454"
      }
    },
    // F-Key Buttons
    {
      "id": "f2-button",
      "type": "button",
      "x": 20,
      "y": 570,
      "width": 70,
      "height": 30,
      "properties": {
        "text": "[F2]新規",
        "fontSize": 11,
        "backgroundColor": "#e5e7d5",
        "color": "#1e1e1e",
        "textAlign": "center"
      }
    },
    {
      "id": "f3-button",
      "type": "button",
      "x": 95,
      "y": 570,
      "width": 70,
      "height": 30,
      "properties": {
        "text": "[F3]修正",
        "fontSize": 11,
        "backgroundColor": "#e5e7d5",
        "color": "#1e1e1e",
        "textAlign": "center"
      }
    },
    {
      "id": "f4-button",
      "type": "button",
      "x": 170,
      "y": 570,
      "width": 70,
      "height": 30,
      "properties": {
        "text": "[F4]削除",
        "fontSize": 11,
        "backgroundColor": "#e5e7d5",
        "color": "#1e1e1e",
        "textAlign": "center"
      }
    },
    {
      "id": "f5-button",
      "type": "button",
      "x": 245,
      "y": 570,
      "width": 70,
      "height": 30,
      "properties": {
        "text": "[F5]複写",
        "fontSize": 11,
        "backgroundColor": "#e5e7d5",
        "color": "#1e1e1e",
        "textAlign": "center"
      }
    },
    {
      "id": "f6-button",
      "type": "button",
      "x": 320,
      "y": 570,
      "width": 70,
      "height": 30,
      "properties": {
        "text": "[F6]CSV",
        "fontSize": 11,
        "backgroundColor": "#e5e7d5",
        "color": "#1e1e1e",
        "textAlign": "center"
      }
    },
    {
      "id": "f7-button",
      "type": "button",
      "x": 395,
      "y": 570,
      "width": 70,
      "height": 30,
      "properties": {
        "text": "[F7]条件クリア",
        "fontSize": 11,
        "backgroundColor": "#e5e7d5",
        "color": "#1e1e1e",
        "textAlign": "center"
      }
    },
    {
      "id": "f8-button",
      "type": "button",
      "x": 470,
      "y": 570,
      "width": 70,
      "height": 30,
      "properties": {
        "text": "[F8]検索",
        "fontSize": 11,
        "backgroundColor": "#e5e7d5",
        "color": "#1e1e1e",
        "textAlign": "center"
      }
    },
    {
      "id": "f9-button",
      "type": "button",
      "x": 545,
      "y": 570,
      "width": 70,
      "height": 30,
      "properties": {
        "text": "[F9]現場メモ登録",
        "fontSize": 11,
        "backgroundColor": "#e5e7d5",
        "color": "#1e1e1e",
        "textAlign": "center"
      }
    },
    {
      "id": "f10-button",
      "type": "button",
      "x": 620,
      "y": 570,
      "width": 70,
      "height": 30,
      "properties": {
        "text": "[F10]並び替え",
        "fontSize": 11,
        "backgroundColor": "#e5e7d5",
        "color": "#1e1e1e",
        "textAlign": "center"
      }
    },
    {
      "id": "f11-button",
      "type": "button",
      "x": 695,
      "y": 570,
      "width": 70,
      "height": 30,
      "properties": {
        "text": "[F11]フィルタ",
        "fontSize": 11,
        "backgroundColor": "#e5e7d5",
        "color": "#1e1e1e",
        "textAlign": "center"
      }
    },
    {
      "id": "f12-button",
      "type": "button",
      "x": 770,
      "y": 570,
      "width": 70,
      "height": 30,
      "properties": {
        "text": "[F12]閉じる",
        "fontSize": 11,
        "backgroundColor": "#e5e7d5",
        "color": "#1e1e1e",
        "textAlign": "center"
      }
    }
  ]
}
